/*
 Navicat Premium Data Transfer

 Source Server         : localhost_3306
 Source Server Type    : MySQL
 Source Server Version : 50739
 Source Host           : localhost:3306
 Source Schema         : qing

 Target Server Type    : MySQL
 Target Server Version : 50739
 File Encoding         : 65001

 Date: 25/07/2023 16:10:42
*/

SET NAMES utf8mb4;
SET FOREIGN_KEY_CHECKS = 0;

-- ----------------------------
-- Table structure for article
-- ----------------------------
DROP TABLE IF EXISTS `article`;
CREATE TABLE `article`  (
  `id` int(11) NOT NULL AUTO_INCREMENT,
  `name` varchar(50) CHARACTER SET utf8mb4 COLLATE utf8mb4_unicode_ci NULL DEFAULT NULL COMMENT '标题',
  `content` text CHARACTER SET utf8mb4 COLLATE utf8mb4_unicode_ci NULL COMMENT '内容',
  `user` varchar(20) CHARACTER SET utf8mb4 COLLATE utf8mb4_unicode_ci NULL DEFAULT NULL COMMENT '发布人',
  `time` varchar(20) CHARACTER SET utf8mb4 COLLATE utf8mb4_unicode_ci NULL DEFAULT NULL COMMENT '发布时间',
  PRIMARY KEY (`id`) USING BTREE
) ENGINE = InnoDB AUTO_INCREMENT = 5 CHARACTER SET = utf8mb4 COLLATE = utf8mb4_unicode_ci ROW_FORMAT = DYNAMIC;

-- ----------------------------
-- Records of article
-- ----------------------------
INSERT INTO `article` VALUES (3, '青', '**这是一篇老师的文章**', '青', '2023-05-24 17:06:30');
INSERT INTO `article` VALUES (4, '测试的', '### 测试\n>sjsj', '管理', '2023-05-24 23:15:43');

-- ----------------------------
-- Table structure for course
-- ----------------------------
DROP TABLE IF EXISTS `course`;
CREATE TABLE `course`  (
  `id` int(11) NOT NULL AUTO_INCREMENT COMMENT 'id',
  `name` varchar(50) CHARACTER SET utf8mb4 COLLATE utf8mb4_unicode_ci NULL DEFAULT NULL COMMENT '课程名称',
  `score` int(11) NULL DEFAULT NULL COMMENT '学分',
  `times` varchar(50) CHARACTER SET utf8mb4 COLLATE utf8mb4_unicode_ci NULL DEFAULT NULL COMMENT '上课时间',
  `state` tinyint(1) NULL DEFAULT NULL COMMENT '是否开课',
  `teacher_id` int(11) NULL DEFAULT NULL COMMENT '授课老师id',
  PRIMARY KEY (`id`) USING BTREE
) ENGINE = InnoDB AUTO_INCREMENT = 4 CHARACTER SET = utf8mb4 COLLATE = utf8mb4_unicode_ci ROW_FORMAT = DYNAMIC;

-- ----------------------------
-- Records of course
-- ----------------------------
INSERT INTO `course` VALUES (1, '大学物理', 10, '40', 1, 17);
INSERT INTO `course` VALUES (2, '高等数学', 10, '45', NULL, 16);
INSERT INTO `course` VALUES (3, '大学英语', 10, '30', NULL, 16);

-- ----------------------------
-- Table structure for student_course
-- ----------------------------
DROP TABLE IF EXISTS `student_course`;
CREATE TABLE `student_course`  (
  `student_id` int(11) NOT NULL,
  `course_id` int(11) NOT NULL,
  PRIMARY KEY (`student_id`, `course_id`) USING BTREE
) ENGINE = InnoDB CHARACTER SET = utf8mb4 COLLATE = utf8mb4_unicode_ci ROW_FORMAT = DYNAMIC;

-- ----------------------------
-- Records of student_course
-- ----------------------------
INSERT INTO `student_course` VALUES (1, 1);
INSERT INTO `student_course` VALUES (1, 3);
INSERT INTO `student_course` VALUES (28, 1);
INSERT INTO `student_course` VALUES (28, 2);
INSERT INTO `student_course` VALUES (123, 1);
INSERT INTO `student_course` VALUES (124, 1);

-- ----------------------------
-- Table structure for sys_dict
-- ----------------------------
DROP TABLE IF EXISTS `sys_dict`;
CREATE TABLE `sys_dict`  (
  `name` varchar(255) CHARACTER SET utf8mb4 COLLATE utf8mb4_unicode_ci NULL DEFAULT NULL COMMENT '名称',
  `value` varchar(255) CHARACTER SET utf8mb4 COLLATE utf8mb4_unicode_ci NULL DEFAULT NULL COMMENT '内容',
  `type` varchar(255) CHARACTER SET utf8mb4 COLLATE utf8mb4_unicode_ci NULL DEFAULT NULL COMMENT '类型'
) ENGINE = InnoDB CHARACTER SET = utf8mb4 COLLATE = utf8mb4_unicode_ci ROW_FORMAT = DYNAMIC;

-- ----------------------------
-- Records of sys_dict
-- ----------------------------
INSERT INTO `sys_dict` VALUES ('user', 'el-icon-user', 'icon');
INSERT INTO `sys_dict` VALUES ('house', 'el-icon-house', 'icon');
INSERT INTO `sys_dict` VALUES ('menu', 'el-icon-menu', 'icon');
INSERT INTO `sys_dict` VALUES ('s-custom', 'el-icon-s-custom', 'icon');
INSERT INTO `sys_dict` VALUES ('s-grid', 'el-icon-s-grid', 'icon');
INSERT INTO `sys_dict` VALUES ('document', 'el-icon-document', 'icon');
INSERT INTO `sys_dict` VALUES ('coffee', 'el-icon-coffee\r\n', 'icon');
INSERT INTO `sys_dict` VALUES ('s-marketing', 'el-icon-s-marketing', 'icon');

-- ----------------------------
-- Table structure for sys_file
-- ----------------------------
DROP TABLE IF EXISTS `sys_file`;
CREATE TABLE `sys_file`  (
  `id` int(11) NOT NULL AUTO_INCREMENT COMMENT 'id',
  `name` varchar(255) CHARACTER SET utf8mb4 COLLATE utf8mb4_unicode_ci NULL DEFAULT NULL COMMENT '文件名称',
  `type` varchar(255) CHARACTER SET utf8mb4 COLLATE utf8mb4_unicode_ci NULL DEFAULT NULL COMMENT '文件类型',
  `size` bigint(20) NULL DEFAULT NULL COMMENT '文件大小(kb)',
  `url` varchar(255) CHARACTER SET utf8mb4 COLLATE utf8mb4_unicode_ci NULL DEFAULT NULL COMMENT '下载链接',
  `md5` varchar(255) CHARACTER SET utf8mb4 COLLATE utf8mb4_unicode_ci NULL DEFAULT NULL COMMENT '文件md5',
  `is_delete` tinyint(1) NULL DEFAULT 0 COMMENT '是否删除',
  `enable` tinyint(1) NULL DEFAULT 1 COMMENT '是否禁用链接',
  PRIMARY KEY (`id`) USING BTREE
) ENGINE = InnoDB AUTO_INCREMENT = 63 CHARACTER SET = utf8mb4 COLLATE = utf8mb4_unicode_ci ROW_FORMAT = DYNAMIC;

-- ----------------------------
-- Records of sys_file
-- ----------------------------
INSERT INTO `sys_file` VALUES (56, '成品.png', 'png', 20200, 'http://localhost:9090/file/7ab7f8fbfbdb4cb3a74cefc336e50e62.png', '245764cea06ee252fa71353327e7aeb3', 0, 1);
INSERT INTO `sys_file` VALUES (57, '001.docx', 'docx', 155, 'http://localhost:9090/file/785b388039d04ddca0a7db9b62269182.docx', 'e8f97c34729e81793640808eb24c7036', 0, 1);
INSERT INTO `sys_file` VALUES (58, '表格.xlsx', 'xlsx', 15, 'http://localhost:9090/file/98bcf299879c4cbf8f72eceae84d3a43.xlsx', '6b8a4271b0755ecdf9a3fbec79240f1c', 1, 1);
INSERT INTO `sys_file` VALUES (59, '起风了 海报.jpeg', 'jpeg', 1526, 'http://localhost:9090/file/9d28445218c54aa386b62d184d904649.jpeg', 'f35e7e18357598ed72a2b75503c9a09e', 0, 1);
INSERT INTO `sys_file` VALUES (60, 'EJ1A4131.jpg', 'jpg', 11433, 'http://localhost:9090/file/3f525a9149d942b69225726fa75980f4.jpg', '17025557459e03a4c565edec43eed942', 0, 1);
INSERT INTO `sys_file` VALUES (61, '王者荣耀.mp4', 'mp4', 85495, 'http://localhost:9090/file/061d61c80bc9465292781ef1a8851388.mp4', '4df2a81f00c1ce7773c36ecb9820727c', 0, 1);
INSERT INTO `sys_file` VALUES (62, '1个表格.xlsx', 'xlsx', 6, 'http://localhost:9090/file/08c85dcee96f4bdca8b807e64df8f99e.xlsx', 'f5f47bc4cb9e7303eb3e55e1a7b2294b', 0, 1);

-- ----------------------------
-- Table structure for sys_menu
-- ----------------------------
DROP TABLE IF EXISTS `sys_menu`;
CREATE TABLE `sys_menu`  (
  `id` int(11) NOT NULL AUTO_INCREMENT COMMENT 'id',
  `name` varchar(255) CHARACTER SET utf8mb4 COLLATE utf8mb4_unicode_ci NULL DEFAULT NULL COMMENT '名称',
  `path` varchar(255) CHARACTER SET utf8mb4 COLLATE utf8mb4_unicode_ci NULL DEFAULT NULL COMMENT '路径',
  `icon` varchar(255) CHARACTER SET utf8mb4 COLLATE utf8mb4_unicode_ci NULL DEFAULT NULL COMMENT '图标',
  `description` varchar(255) CHARACTER SET utf8mb4 COLLATE utf8mb4_unicode_ci NULL DEFAULT NULL COMMENT '描述',
  `pid` int(11) NULL DEFAULT NULL COMMENT '父级id',
  `page_path` varchar(255) CHARACTER SET utf8mb4 COLLATE utf8mb4_unicode_ci NULL DEFAULT NULL COMMENT '页面路径',
  `sort_num` int(11) NULL DEFAULT NULL COMMENT '排序',
  PRIMARY KEY (`id`) USING BTREE
) ENGINE = InnoDB AUTO_INCREMENT = 44 CHARACTER SET = utf8mb4 COLLATE = utf8mb4_unicode_ci ROW_FORMAT = DYNAMIC;

-- ----------------------------
-- Records of sys_menu
-- ----------------------------
INSERT INTO `sys_menu` VALUES (2, '数据统计', '/dashbord', 'el-icon-s-marketing', '11', NULL, 'Dashbord', 100);
INSERT INTO `sys_menu` VALUES (4, '系统管理', NULL, 'el-icon-s-grid', NULL, NULL, NULL, 300);
INSERT INTO `sys_menu` VALUES (5, '用户管理', '/user', 'el-icon-user', NULL, 4, 'User', 301);
INSERT INTO `sys_menu` VALUES (6, '角色管理', '/role', 'el-icon-s-custom', NULL, 4, 'Role', 302);
INSERT INTO `sys_menu` VALUES (7, '菜单管理', '/menu', 'el-icon-menu', NULL, 4, 'Menu', 303);
INSERT INTO `sys_menu` VALUES (8, '文件管理', '/file', 'el-icon-document', NULL, 4, 'File', 304);
INSERT INTO `sys_menu` VALUES (10, '主页', '/home', 'el-icon-house', NULL, NULL, 'Home', 0);
INSERT INTO `sys_menu` VALUES (39, '课程管理', '/course', 'el-icon-menu', NULL, NULL, 'Course', 201);
INSERT INTO `sys_menu` VALUES (41, '文章管理', '/article', 'el-icon-menu', NULL, NULL, 'Article', 999);
INSERT INTO `sys_menu` VALUES (43, '时间范围查询', '/timeSearch', 'el-icon-menu', NULL, NULL, 'TimeSearch', 999);

-- ----------------------------
-- Table structure for sys_role
-- ----------------------------
DROP TABLE IF EXISTS `sys_role`;
CREATE TABLE `sys_role`  (
  `id` int(11) NOT NULL AUTO_INCREMENT COMMENT 'id',
  `name` varchar(50) CHARACTER SET utf8mb4 COLLATE utf8mb4_unicode_ci NULL DEFAULT NULL COMMENT '名称',
  `description` varchar(255) CHARACTER SET utf8mb4 COLLATE utf8mb4_unicode_ci NULL DEFAULT NULL COMMENT '描述',
  `flag` varchar(50) CHARACTER SET utf8mb4 COLLATE utf8mb4_unicode_ci NULL DEFAULT NULL COMMENT '唯一标识',
  PRIMARY KEY (`id`) USING BTREE
) ENGINE = InnoDB AUTO_INCREMENT = 4 CHARACTER SET = utf8mb4 COLLATE = utf8mb4_unicode_ci ROW_FORMAT = DYNAMIC;

-- ----------------------------
-- Records of sys_role
-- ----------------------------
INSERT INTO `sys_role` VALUES (1, '管理员', '管理员', 'ROLE_ADMIN');
INSERT INTO `sys_role` VALUES (2, '学生', '学生', 'ROLE_STUDENT');
INSERT INTO `sys_role` VALUES (3, '老师', '老师', 'ROLE_TEACHER');

-- ----------------------------
-- Table structure for sys_role_menu
-- ----------------------------
DROP TABLE IF EXISTS `sys_role_menu`;
CREATE TABLE `sys_role_menu`  (
  `role_id` int(11) NOT NULL COMMENT '角色id',
  `menu_id` int(11) NOT NULL COMMENT '菜单id',
  PRIMARY KEY (`role_id`, `menu_id`) USING BTREE
) ENGINE = InnoDB CHARACTER SET = utf8mb4 COLLATE = utf8mb4_unicode_ci COMMENT = '角色菜单关系表' ROW_FORMAT = DYNAMIC;

-- ----------------------------
-- Records of sys_role_menu
-- ----------------------------
INSERT INTO `sys_role_menu` VALUES (1, 2);
INSERT INTO `sys_role_menu` VALUES (1, 4);
INSERT INTO `sys_role_menu` VALUES (1, 5);
INSERT INTO `sys_role_menu` VALUES (1, 6);
INSERT INTO `sys_role_menu` VALUES (1, 7);
INSERT INTO `sys_role_menu` VALUES (1, 8);
INSERT INTO `sys_role_menu` VALUES (1, 9);
INSERT INTO `sys_role_menu` VALUES (1, 10);
INSERT INTO `sys_role_menu` VALUES (1, 39);
INSERT INTO `sys_role_menu` VALUES (1, 41);
INSERT INTO `sys_role_menu` VALUES (1, 42);
INSERT INTO `sys_role_menu` VALUES (1, 43);
INSERT INTO `sys_role_menu` VALUES (3, 2);
INSERT INTO `sys_role_menu` VALUES (3, 4);
INSERT INTO `sys_role_menu` VALUES (3, 8);
INSERT INTO `sys_role_menu` VALUES (3, 10);
INSERT INTO `sys_role_menu` VALUES (3, 39);
INSERT INTO `sys_role_menu` VALUES (3, 41);

-- ----------------------------
-- Table structure for sys_user
-- ----------------------------
DROP TABLE IF EXISTS `sys_user`;
CREATE TABLE `sys_user`  (
  `id` int(11) NOT NULL AUTO_INCREMENT COMMENT 'id',
  `username` varchar(50) CHARACTER SET utf8mb4 COLLATE utf8mb4_unicode_ci NULL DEFAULT NULL COMMENT '用户名',
  `password` varchar(50) CHARACTER SET utf8mb4 COLLATE utf8mb4_unicode_ci NULL DEFAULT NULL COMMENT '密码',
  `nickname` varchar(50) CHARACTER SET utf8mb4 COLLATE utf8mb4_unicode_ci NULL DEFAULT NULL COMMENT '昵称',
  `email` varchar(50) CHARACTER SET utf8mb4 COLLATE utf8mb4_unicode_ci NULL DEFAULT NULL COMMENT '邮箱',
  `phone` varchar(20) CHARACTER SET utf8mb4 COLLATE utf8mb4_unicode_ci NULL DEFAULT NULL COMMENT '电话',
  `address` varchar(255) CHARACTER SET utf8mb4 COLLATE utf8mb4_unicode_ci NULL DEFAULT NULL COMMENT '地址',
  `create_time` timestamp NULL DEFAULT CURRENT_TIMESTAMP COMMENT '创建时间',
  `avatar_url` varchar(255) CHARACTER SET utf8mb4 COLLATE utf8mb4_unicode_ci NULL DEFAULT NULL COMMENT '头像',
  `role` varchar(50) CHARACTER SET utf8mb4 COLLATE utf8mb4_unicode_ci NULL DEFAULT NULL COMMENT '角色',
  PRIMARY KEY (`id`) USING BTREE
) ENGINE = InnoDB AUTO_INCREMENT = 125 CHARACTER SET = utf8mb4 COLLATE = utf8mb4_unicode_ci ROW_FORMAT = DYNAMIC;

-- ----------------------------
-- Records of sys_user
-- ----------------------------
INSERT INTO `sys_user` VALUES (1, 'admin', '21232f297a57a5a743894a0e4a801fc3', '管理', 'admin@qq.com', '13988997788', '安徽合肥1', '2023-03-22 21:10:27', 'http://localhost:9090/file/8d966b0e6cf84fe191a72a58b8293b23.png', 'ROLE_ADMIN');
INSERT INTO `sys_user` VALUES (16, '222', '202cb962ac59075b964b07152d234b70', '甄姬', '2', '2', '2', '2023-04-22 22:10:14', NULL, 'ROLE_TEACHER');
INSERT INTO `sys_user` VALUES (17, '333', '202cb962ac59075b964b07152d234b70', '我是三三哦豁', '3', '3', '3', '2023-04-22 22:10:18', 'http://localhost:9090/file/7737484487db47ab89e58504ddf86ac1.jpg', 'ROLE_TEACHER');
INSERT INTO `sys_user` VALUES (18, 'nzz', '202cb962ac59075b964b07152d234b70', '哪吒', '2', '2', '2', '2023-04-29 16:59:44', 'http://localhost:9090/file/3f525a9149d942b69225726fa75980f4.jpg', 'ROLE_STUDENT');
INSERT INTO `sys_user` VALUES (19, 'yss', '202cb962ac59075b964b07152d234b70', '亚瑟', '3', '3', '3', '2023-04-29 16:59:44', '', 'ROLE_STUDENT');
INSERT INTO `sys_user` VALUES (20, 'lxx', '202cb962ac59075b964b07152d234b70', '李信', '2', '2', '2', '2023-04-29 17:12:04', '2', 'ROLE_STUDENT');
INSERT INTO `sys_user` VALUES (123, 'qing', 'e10adc3949ba59abbe56e057f20f883e', '青', NULL, NULL, NULL, '2023-04-02 22:03:59', NULL, 'ROLE_TEACHER');
INSERT INTO `sys_user` VALUES (124, 'test', 'e10adc3949ba59abbe56e057f20f883e', 'test', NULL, NULL, NULL, '2023-04-06 16:31:28', 'http://localhost:9090/file/7ab7f8fbfbdb4cb3a74cefc336e50e62.png', 'ROLE_STUDENT');

-- ----------------------------
-- Table structure for t_comment
-- ----------------------------
DROP TABLE IF EXISTS `t_comment`;
CREATE TABLE `t_comment`  (
  `id` int(11) NOT NULL AUTO_INCREMENT,
  `content` varchar(255) CHARACTER SET utf8mb4 COLLATE utf8mb4_unicode_ci NULL DEFAULT NULL COMMENT '内容',
  `user_id` int(11) NULL DEFAULT NULL COMMENT '评论人id',
  `time` varchar(50) CHARACTER SET utf8mb4 COLLATE utf8mb4_unicode_ci NULL DEFAULT NULL COMMENT '评论时间',
  `pid` int(11) NULL DEFAULT NULL COMMENT '父id',
  `origin_id` int(11) NULL DEFAULT NULL COMMENT '最上级评论id',
  `article_id` int(11) NULL DEFAULT NULL COMMENT '关联文章的id',
  PRIMARY KEY (`id`) USING BTREE
) ENGINE = InnoDB AUTO_INCREMENT = 26 CHARACTER SET = utf8mb4 COLLATE = utf8mb4_unicode_ci ROW_FORMAT = DYNAMIC;

-- ----------------------------
-- Records of t_comment
-- ----------------------------
INSERT INTO `t_comment` VALUES (23, '第一个评论', 124, '2023-05-24 23:53:12', NULL, NULL, 4);
INSERT INTO `t_comment` VALUES (24, '第二个评论', 28, '2023-05-24 23:53:52', 23, 23, 4);
INSERT INTO `t_comment` VALUES (25, '来自哪吒的评论', 18, '2023-05-24 23:55:58', 24, 23, 4);

SET FOREIGN_KEY_CHECKS = 1;
